first_name,males,connection_date
mojahid,True,2020-01-28
xavier,True,2020-01-28
henri,True,2020-01-27
jessica,False,2020-01-25
frederic,True,2020-01-25
lev,True,2020-01-24
laura,False,2020-01-24
clara,False,2020-01-24
selama,False,2020-01-23
boubaker,True,2020-01-23
celine,False,2020-01-23
laura,False,2020-01-23
timothee,True,2020-01-23
chahinez,True,2020-01-23
romain,True,2020-01-23
dorian,True,2020-01-23
nawal,True,2020-01-23
marie-ange,False,2020-01-23
asmae,True,2020-01-23
luc,True,2020-01-23
marion,False,2020-01-23
yoann,True,2020-01-23
raoul,True,2020-01-23
kevin,True,2020-01-23
jean-philippe,True,2020-01-23
vivien,True,2020-01-23
marie,False,2020-01-23
louise,False,2020-01-22
simon,True,2020-01-22
brice kouadio,True,2020-01-22
yannis,True,2020-01-22
charlotte,False,2020-01-22
romain,True,2020-01-22
pierre,True,2020-01-22
anne-laure,False,2020-01-22
matthieu,True,2020-01-21
antoine,True,2020-01-21
romain,True,2020-01-21
nathanael,True,2020-01-20
ismail,True,2020-01-20
alexandra,False,2020-01-20
nicolas,True,2020-01-20
bertrand,True,2020-01-19
yann,True,2020-01-19
antoine,True,2020-01-17
maxime,True,2020-01-17
amelie,False,2020-01-17
matthieu,True,2020-01-17
isabelle,False,2020-01-17
louis,True,2020-01-17
zied,False,2020-01-17
antoine,True,2020-01-17
adrien,True,2020-01-17
marianne,False,2020-01-17
yohan,True,2020-01-17
anais,False,2020-01-17
martin,True,2020-01-17
olivier,True,2020-01-17
gratias,False,2020-01-17
gaetan,True,2020-01-16
ali,True,2020-01-16
matthieu,True,2020-01-16
emmanuel,True,2020-01-16
jerome,True,2020-01-16
karim,True,2020-01-16
fedi,True,2020-01-16
baptiste,True,2020-01-16
camille,False,2020-01-16
hubert,True,2020-01-16
magali,False,2020-01-16
hammadine,False,2020-01-16
cecile,False,2020-01-16
clementine,False,2020-01-16
emilie,False,2020-01-16
marion,False,2020-01-16
leonore,False,2020-01-15
theo,True,2020-01-15
marc-antoine,True,2020-01-15
mylene,False,2020-01-15
martin,True,2020-01-15
andrea,False,2020-01-15
claire,False,2020-01-15
augustin,True,2020-01-15
claire,False,2020-01-15
chemsdin,True,2020-01-15
aleksander,True,2020-01-15
robert,True,2020-01-15
antoine,True,2020-01-15
killian,True,2020-01-15
juliette,False,2020-01-15
antoine,True,2020-01-15
hamed,True,2020-01-15
antoine,True,2020-01-15
nicolas,True,2020-01-15
vincent,True,2020-01-15
sarah,False,2020-01-13
izia,False,2020-01-08
sami,True,2020-01-07
mathylde,False,2020-01-06
romain,True,2020-01-05
michael,True,2019-12-24
charles,True,2019-12-21
skander,True,2019-12-20
marion,False,2019-12-17
come,True,2019-12-17
anne,True,2019-12-16
laurent,True,2019-12-12
julien,True,2019-12-12
gregoire,True,2019-11-22
loic,True,2019-11-11
hugo,True,2019-11-07
paul,True,2019-11-04
sebastien,True,2019-11-02
doryan,True,2019-11-02
mehdi,True,2019-10-29
alexandre,True,2019-10-28
olivier,True,2019-10-24
matthias,True,2019-10-23
steve,True,2019-10-23
ludovic,True,2019-10-23
vianney,True,2019-10-23
cedric,True,2019-10-21
mohamed,True,2019-10-17
ahmer,True,2019-10-03
pascal,True,2019-10-03
benjamin,True,2019-09-30
aditya,True,2019-09-30
thierry,False,2019-09-23
hai,False,2019-09-23
vaitea,False,2019-09-18
hugo,True,2019-09-17
alvaro,True,2019-09-17
yassine,True,2019-09-17
alaa,True,2019-09-17
alexis,True,2019-09-17
michel,True,2019-09-17
yoel,True,2019-09-17
julien,True,2019-09-17
wesley,True,2019-09-10
aicha,False,2019-09-10
marion,False,2019-09-03
yves,True,2019-08-29
julie,False,2019-08-29
ghislain,True,2019-08-27
marie,False,2019-08-27
granada,False,2019-08-19
benoit,True,2019-08-06
heloise,False,2019-08-02
mehdi,True,2019-07-29
hamza,False,2019-07-29
roberta,False,2019-07-22
axelle,False,2019-07-17
guillaume,True,2019-07-09
remco,True,2019-07-03
fengli,True,2019-07-02
clement,True,2019-06-28
eric,True,2019-06-27
lina,False,2019-06-26
paul-edouard,True,2019-06-26
eric,True,2019-06-26
gweltas,False,2019-06-26
nesrine lilia,False,2019-06-25
elena,False,2019-06-25
susanne,False,2019-06-21
emma,False,2019-06-21
louis,True,2019-06-20
loic,True,2019-06-20
clement,True,2019-06-20
frederick,True,2019-06-19
ayoub,True,2019-06-19
redouane,True,2019-06-19
ayoub,True,2019-06-19
radouane,True,2019-06-19
mostefa,True,2019-06-19
sai teja,False,2019-06-19
louis,True,2019-06-19
gino,True,2019-06-19
anis,False,2019-06-19
valentin,True,2019-06-19
redha,True,2019-06-19
xavier-pierre,True,2019-06-19
osagie aret,False,2019-06-19
victoria,False,2019-06-19
hugo,True,2019-06-19
benoit,True,2019-06-18
raphael,True,2019-06-17
gael,True,2019-06-17
nader,True,2019-06-13
florian,True,2019-06-13
ines,False,2019-06-05
sarai,False,2019-06-05
wissam,True,2019-06-05
pierre-eloi,True,2019-06-05
pierre,True,2019-06-03
sandra,False,2019-06-03
olivier,True,2019-06-03
gavin,True,2019-05-20
ashmita,False,2019-05-15
theophanie,False,2019-05-14
sarra,False,2019-05-09
celine,False,2019-05-09
colin,True,2019-05-09
silvestre,True,2019-05-07
valerian,True,2019-05-06
solene,False,2019-05-02
henri-luc,True,2019-05-02
julien,True,2019-05-02
martin,True,2019-04-25
chloe,True,2019-04-19
kosar,False,2019-04-16
gabriele,False,2019-04-05
pierre-olivier,True,2019-03-28
luc bitakani,True,2019-03-28
david,True,2019-03-28
moussa,True,2019-03-28
rohan,True,2019-03-28
arnaud,True,2019-03-26
christophe,True,2019-03-21
lucien,True,2019-03-18
david,True,2019-03-17
elghassem,True,2019-03-14
thibaut,True,2019-03-12
pauline,False,2019-03-12
robin,True,2019-03-12
anne-dominique,False,2019-03-12
marine,False,2019-03-11
louis,True,2019-03-11
eloise,False,2019-03-10
miguel,True,2019-03-08
christophe,True,2019-03-07
adrien,True,2019-03-07
nikita,True,2019-03-07
jean-patrice,True,2019-03-07
antoine,True,2019-03-07
corine,False,2019-03-07
daniel,True,2019-03-05
pascal,True,2019-03-02
olivier,True,2019-03-01
monique,False,2019-03-01
pierre-yves,True,2019-03-01
shivam,True,2019-03-01
nicolas,True,2019-03-01
yoann,True,2019-03-01
romain,True,2019-03-01
preden,False,2019-03-01
firas,True,2019-02-27
alexandre,True,2019-02-26
penelope,False,2019-02-25
jeanne,False,2019-02-20
mohamed el bachir,True,2019-02-19
gael,True,2019-02-16
marius,True,2019-02-16
pauline,False,2019-02-10
marine,False,2019-02-07
guillaume,True,2019-01-31
louise,False,2019-01-29
ilinca,False,2019-01-28
louise,False,2019-01-27
gaetan,True,2019-01-27
sylvain,True,2019-01-25
theophile,False,2019-01-25
alexandre,True,2019-01-25
usama,False,2019-01-22
hubert,True,2019-01-21
carlos,True,2019-01-21
frederic,True,2019-01-21
lora,False,2019-01-19
nathalie,False,2019-01-18
stephane,True,2019-01-16
jeremie,True,2019-01-15
paul,True,2019-01-15
mathilde,False,2019-01-15
thomas,True,2019-01-14
adrien,True,2019-01-14
philippe,True,2019-01-14
olivier,True,2019-01-11
younes,True,2019-01-10
abdelfattah,True,2019-01-10
amine,True,2019-01-10
claire,False,2019-01-07
patrick,True,2018-12-26
florian,True,2018-12-22
eliott,True,2018-12-20
guillaume,True,2018-12-19
maylis,False,2018-12-17
stephane,True,2018-12-15
pierre,True,2018-12-15
shankar,True,2018-12-11
louis,True,2018-12-11
mickael,True,2018-12-06
alexis,True,2018-12-06
laure,False,2018-12-04
mehdi,True,2018-11-19
yassine,True,2018-11-06
mael,True,2018-11-03
guillaume,True,2018-10-29
laurent,True,2018-10-24
guillaume,True,2018-10-24
yolene,False,2018-10-22
gregoire,True,2018-10-18
cyril,True,2018-10-15
laura,False,2018-10-12
yassine,True,2018-10-11
xavier,True,2018-10-10
maud,False,2018-10-08
carl,True,2018-10-08
fanny,False,2018-10-07
johanna,False,2018-10-03
anthony,True,2018-09-27
claire,False,2018-09-19
sarra,False,2018-09-17
jean-luc,True,2018-09-13
stephane,True,2018-09-13
elise,False,2018-09-13
ismail,True,2018-08-10
alexis,True,2018-07-25
maria,False,2018-07-24
pierre,True,2018-07-19
thomas,True,2018-07-18
matthieu,True,2018-07-18
tom,True,2018-07-18
gwendoline,False,2018-07-18
caroline,False,2018-07-18
valentin,True,2018-07-18
david,True,2018-07-18
francois,True,2018-07-12
bruno,True,2018-07-10
baptiste,True,2018-06-25
laetitia,False,2018-06-21
roy,True,2018-06-21
amael,True,2018-06-18
hugo,True,2018-06-13
jeremy,True,2018-06-07
fabien,True,2018-06-06
richard,True,2018-06-06
camille,False,2018-06-04
remi,True,2018-06-03
yann,True,2018-06-03
stephane,True,2018-05-28
emmanuel,True,2018-05-26
virgile,True,2018-05-26
tichadou,False,2018-05-24
marine,False,2018-05-23
kristelle,False,2018-05-23
marion,False,2018-05-23
camille,False,2018-05-23
floranne,False,2018-05-23
pauline,False,2018-05-23
aude,False,2018-05-23
lucas,True,2018-05-23
salima,False,2018-05-23
cloderic,True,2018-05-22
nicolas,True,2018-05-20
umut,True,2018-05-10
nizar,True,2018-04-29
timothee,True,2018-04-23
william,True,2018-04-16
olivier,True,2018-04-15
corinne,False,2018-04-11
camille,False,2018-04-09
paul,True,2018-04-04
georges,True,2018-03-21
matthieu,True,2018-03-19
ludovic,True,2018-03-16
karine,False,2018-03-13
françois,True,2018-03-12
redha,True,2018-03-11
helene,False,2018-03-09
david,True,2018-03-01
louise,False,2018-02-28
sebastien,True,2018-02-28
ridha,True,2018-02-25
arnaud,True,2018-02-25
pierre,True,2018-02-20
bertrand,True,2018-02-20
gabriela,False,2018-02-16
florence,False,2018-02-12
heber,True,2018-02-12
derrien,False,2018-02-07
patrick,True,2018-02-06
remi,True,2018-02-05
samy,True,2018-02-05
france,False,2018-02-04
gaolee,False,2018-02-01
anouk,False,2018-01-31
gregoire,True,2018-01-30
anais,False,2018-01-30
yves,True,2018-01-29
clement,True,2018-01-29
pauline,False,2018-01-26
albert,False,2018-01-25
benjamin,True,2018-01-24
marie,False,2018-01-23
ons,False,2018-01-23
arnaud,True,2018-01-23
frantz,True,2018-01-23
gautier,True,2018-01-23
thomas,True,2018-01-23
lea,False,2018-01-23
orphee,False,2018-01-23
fabrice,True,2018-01-22
valerian,True,2018-01-21
charles,True,2018-01-21
daniel,True,2018-01-21
samer,True,2018-01-19
nicolas,True,2018-01-17
jean-jacques,True,2018-01-17
alexandre,True,2017-12-27
fabien,True,2017-12-12
melvyn,True,2017-12-12
tzari,True,2017-12-11
antoine,True,2017-12-11
clement,True,2017-12-07
hermance,False,2017-12-07
jean-paul,True,2017-12-06
anissia,False,2017-12-05
emma,False,2017-12-05
stephane,True,2017-12-05
jean-benoît,True,2017-12-05
mathilde,False,2017-12-05
charly,True,2017-12-05
baptiste,True,2017-12-02
hani,True,2017-12-01
mehdi,True,2017-11-30
david,True,2017-11-30
nazha,False,2017-11-30
charles,True,2017-11-29
linda,False,2017-11-29
maha,False,2017-11-29
guillaume,True,2017-11-29
olivier,True,2017-11-29
maxime,True,2017-11-29
marion,False,2017-11-29
badr,True,2017-11-29
alexandre,True,2017-11-29
joseph,True,2017-11-29
alexandre,True,2017-11-29
robin,True,2017-11-29
alexandre,True,2017-11-29
marine,False,2017-11-29
remi,True,2017-11-29
xavier,True,2017-11-29
robin,True,2017-11-29
adrien,True,2017-11-29
jiaqi,True,2017-11-29
marie-pierre,False,2017-11-29
olivier,True,2017-11-29
gwladys,False,2017-11-29
anne-laure,False,2017-11-29
kevin,True,2017-11-28
chloe,True,2017-11-27
manon,False,2017-11-27
stephane,True,2017-11-27
antoine,True,2017-11-27
clement,True,2017-11-27
christopher,True,2017-11-27
ariane dores,False,2017-11-27
francois,True,2017-11-27
julien,True,2017-11-27
cyril,True,2017-11-27
antoine,True,2017-11-11
olivier,True,2017-11-07
maxime,True,2017-11-06
kaichen,False,2017-11-06
augustin,True,2017-11-02
alexandre,True,2017-11-02
quentin,True,2017-10-26
christopher,True,2017-10-26
aurelien,True,2017-10-26
jean-marc,True,2017-10-18
thai-an,False,2017-10-18
quentin,True,2017-10-18
manon,False,2017-10-18
louis,True,2017-10-18
mathilde,False,2017-10-18
louis,True,2017-10-18
alexandre,True,2017-10-18
gustave,True,2017-10-09
ludovie,False,2017-10-08
julie,False,2017-09-27
antoine,True,2017-09-26
james,True,2017-09-26
alexis,True,2017-09-26
nicolas,True,2017-09-26
quentin,True,2017-09-26
thomas,True,2017-09-26
tristan,True,2017-09-26
jean-marc,True,2017-09-01
clemence,False,2017-08-28
jules,True,2017-08-28
lucas,True,2017-08-27
louis,True,2017-08-07
lea,False,2017-08-04
julien,True,2017-08-02
clementine,False,2017-07-26
marion,False,2017-07-25
pierre,True,2017-07-24
patrick,True,2017-07-23
marine,False,2017-07-18
adil,True,2017-07-18
martin,True,2017-07-14
florent,True,2017-07-13
jonathan,True,2017-07-13
clemence,False,2017-07-13
charlotte,False,2017-07-13
francois,True,2017-07-13
etienne,True,2017-07-13
julie,False,2017-07-12
matthieu,True,2017-07-12
yoann,True,2017-07-12
hamza,False,2017-07-12
bastien,True,2017-07-06
quentin,True,2017-07-06
alexandre,True,2017-07-05
ismail,True,2017-07-02
constantin,True,2017-06-30
angus,True,2017-06-30
lucy,False,2017-06-30
gabrielle,False,2017-06-30
tantri,False,2017-06-29
aristides,True,2017-06-29
luc,True,2017-06-29
sarah,False,2017-06-28
maria,False,2017-06-27
bernard,True,2017-06-26
daichi,True,2017-06-24
alexandre,True,2017-06-21
adel,True,2017-06-17
paul,True,2017-06-14
jean-jacques,True,2017-06-09
victor,True,2017-06-07
vanessa,False,2017-06-05
xavier,True,2017-05-30
adel,True,2017-05-26
philippe,True,2017-05-26
alexandre,True,2017-05-26
yannick,True,2017-05-25
gerald,True,2017-05-25
yani,True,2017-05-25
emeline,False,2017-05-25
theophane,False,2017-05-25
houmairat,False,2017-05-25
astrid,False,2017-05-25
eduard,True,2017-05-25
veronique,False,2017-05-25
soham,True,2017-05-25
margot,False,2017-05-24
simon,True,2017-05-17
nathan,True,2017-05-17
marianne,False,2017-05-16
adrien,True,2017-05-16
vincent,True,2017-04-25
guillaume,True,2017-04-25
camille,False,2017-04-25
treilles,True,2017-04-25
mathilde,False,2017-04-25
louise,False,2017-04-05
françois,True,2017-04-03
eloi,True,2017-03-31
paul,True,2017-03-31
celine,False,2017-03-22
alexis,True,2017-03-22
corentin,True,2017-03-22
camille,False,2017-03-22
lenar,True,2017-03-05
herve,True,2017-03-03
helene,False,2017-02-23
lea,False,2017-02-23
lydie,False,2017-02-23
marie,False,2017-02-23
morgan,True,2017-02-23
pierre,True,2017-02-23
guilhem,True,2017-02-20
leenane,False,2017-02-20
laura,False,2017-02-20
constance,False,2017-02-20
baptiste,True,2017-02-11
ophelie,False,2017-02-11
gauthier,True,2017-02-11
vincent,True,2017-02-11
yoann,True,2017-02-11
juliette,False,2017-02-11
pauline,False,2017-01-24
mathilde,False,2017-01-24
romain,True,2017-01-22
morgane,False,2017-01-20
victor,True,2017-01-20
david,True,2017-01-20
lara,False,2017-01-20
valentin,True,2017-01-20
lionel,True,2017-01-20
maelle,False,2017-01-20
soukaina,False,2017-01-20
thomas,True,2017-01-13
joffrey,True,2017-01-11
chloe,True,2017-01-11
lauriane,False,2017-01-09
yann,True,2016-12-18
filippo,True,2016-12-14
astrid,False,2016-12-12
frederic,True,2016-12-09
olivier,True,2016-12-05
yohan,True,2016-12-05
christopher,True,2016-12-04
pascal,True,2016-12-04
jerome,True,2016-12-04
gabrielle,False,2016-12-04
martin,True,2016-12-04
paul,True,2016-12-04
bruno,True,2016-11-29
caroline,False,2016-11-28
marine,False,2016-11-28
frederic,True,2016-11-28
etienne,True,2016-11-25
hugo,True,2016-11-25
clement,True,2016-11-25
alexis,True,2016-11-21
mathilde,False,2016-11-21
martin,True,2016-11-15
margot,False,2016-11-15
clemence,False,2016-11-15
clara,False,2016-11-15
pierre,True,2016-11-15
caroline,False,2016-11-15
laure,False,2016-11-15
ombline,False,2016-10-31
emma,False,2016-10-27
remi,True,2016-10-27
marie,False,2016-10-27
francois,True,2016-10-27
gregory,True,2016-10-27
alexandre,True,2016-10-27
charles,True,2016-10-27
agathe,False,2016-10-27
camille,False,2016-10-27
jacques,True,2016-10-27
mickael,True,2016-10-27
paul,True,2016-10-27
johan,True,2016-10-12
françois,True,2016-10-12
clement,True,2016-10-12
sarah,False,2016-10-12
edouard,True,2016-10-12
louis-maxime,True,2016-10-12
louis,True,2016-10-12
martial,True,2016-10-12
pauline,False,2016-10-10
markus,True,2016-09-29
dan-khoa,True,2016-09-26
gaelle,False,2016-09-22
julien,True,2016-09-22
laurent,True,2016-09-22
emmanuel,True,2016-09-22
quentin,True,2016-09-22
daniel,True,2016-09-06
florine,False,2016-09-01
jonas didero,True,2016-09-01
daniel,True,2016-09-01
jimmy,True,2016-08-30
cedric,True,2016-08-25
alterga supomo,True,2016-08-25
nabil,True,2016-08-25
valentin,True,2016-08-17
jean,True,2016-08-17
thomas,True,2016-08-03
thomas,True,2016-07-30
margaux,False,2016-07-29
hadhemi,False,2016-07-26
jean-charles,True,2016-07-26
vincent,True,2016-07-26
amine,True,2016-07-26
carole,False,2016-07-26
anne,True,2016-07-18
antoine,True,2016-07-18
thomas,True,2016-07-18
guillaume,True,2016-07-15
laura,False,2016-07-11
nicolas,True,2016-07-07
claire,False,2016-07-07
irina,False,2016-07-07
antoine,True,2016-07-07
marc,True,2016-07-07
beatrice,False,2016-07-07
celia,False,2016-07-07
felipe,True,2016-07-07
ivan,True,2016-07-07
makinthan,True,2016-05-17
clementine,False,2016-05-17
gauvain,True,2016-05-17
nicolas,True,2016-05-17
morgane,False,2016-05-17
weronika,False,2016-05-17
lachgar,False,2016-05-17
remi,True,2016-05-17
quentin,True,2016-04-27
sara ange,False,2016-04-27
pierre-benoît,True,2016-04-27
benedicte,False,2016-04-27
mathilde,False,2016-04-23
jennifer,False,2016-04-23
dimitri,True,2016-04-23
françois,True,2016-04-13
jeremy,True,2016-04-10
raphael,True,2016-04-10
madeleine,False,2016-03-17
alexandra,False,2016-03-16
marie-cecile,False,2016-03-15
boris,True,2016-03-02
aurelien,True,2016-03-02
bastien,True,2016-02-07
cyrille,False,2016-02-07
gabriel,True,2016-01-27
sylvie,False,2016-01-27
antoine,True,2016-01-27
gregoire,True,2016-01-27
may-line,False,2016-01-27
omar,True,2016-01-27
come,True,2016-01-27
valerie,False,2016-01-27
oscar,True,2016-01-27
julien,True,2016-01-07
capucine,False,2016-01-07
elise,False,2015-12-08
alexia,False,2015-11-30
constantin,True,2015-11-29
nicolas,True,2015-11-21
melina,False,2015-11-19
morgane,False,2015-11-19
laetitia,False,2015-11-19
sylvain,True,2015-11-19
clarisse,False,2015-11-18
michel,True,2015-11-17
joseph,True,2015-11-15
grave,False,2015-11-13
esther,False,2015-11-13
quentin,True,2015-11-13
coralie,False,2015-11-13
maelle,False,2015-11-13
evelyne,False,2015-11-13
laurent,True,2015-11-13
celine,False,2015-11-13
typhaine,False,2015-11-03
nicolas,True,2015-10-27
etienne,True,2015-10-27
thomas,True,2015-10-24
maxime,True,2015-10-24
antoine,True,2015-10-24
pierre-louis,True,2015-10-24
theophile,False,2015-10-18
baptiste,True,2015-10-18
gabriel,True,2015-10-16
paul,True,2015-10-12
pauline,False,2015-10-09
martin,True,2015-10-08
thomas,True,2015-10-05
lucille,False,2015-10-01
margot,False,2015-09-29
romain,True,2015-09-25
matthieu,True,2015-09-25
quentin,True,2015-09-25
olivier,True,2015-09-23
april,False,2015-09-23
charles,True,2015-09-22
wesley,True,2015-09-19
priscille,False,2015-09-13
cecile,False,2015-09-12
manon,False,2015-08-27
françois,True,2015-08-20
guillaume,True,2015-08-20
mathieu,True,2015-08-19
maxime,True,2015-08-19
elena,False,2015-08-06
laureen,False,2015-08-04
maximilien,True,2015-07-24
melchior,True,2015-07-20
jean-eudes,True,2015-07-19
estelle,False,2015-07-18
dan,True,2015-07-15
marion,False,2015-07-08
martial,True,2015-07-06
caroline,False,2015-07-05
zoe,False,2015-07-04
alix,False,2015-06-26
marc,True,2015-06-06
laura,False,2015-06-01
rinaldo,True,2015-05-18
eliore,False,2015-05-13
julien,True,2015-05-13
elsa,False,2015-05-12
victor,True,2015-05-11
stephane,True,2015-05-10
loic,True,2015-05-10
claire,False,2015-05-04
arthur,True,2015-05-02
berenice,False,2015-05-01
capucine,False,2015-04-28
alice,False,2015-04-28
louis,True,2015-04-28
antoine,True,2015-04-26
robin,True,2015-04-24
eduardo,True,2015-04-21
terence emery,True,2015-04-19
clemence,False,2015-04-19
sebastien,True,2015-04-16
thomas,True,2015-04-14
victor,True,2015-04-13
lucile,False,2015-04-10
kevin,True,2015-04-09
lucas,True,2015-04-01
sylvain,True,2015-03-30
julia,False,2015-03-29
sexe,True,2015-03-26
paul,True,2015-03-25
wiledio marc-emile,True,2015-03-23
julien,True,2015-03-23
constance,False,2015-03-23
lauren,False,2015-03-23
clemence,False,2015-03-23
gabriel,True,2015-03-23
lucile,False,2015-03-21
alix,False,2015-03-18
priscille,False,2015-03-17
melanie,False,2015-03-16
clemence,False,2015-03-13
diane,False,2015-03-12
elodie,False,2015-03-09
gabriel,True,2015-03-09
vianney,True,2015-03-09
thomas,True,2015-03-08
louis-gaspard,True,2015-03-08
thomas,True,2015-03-03
marie,False,2015-03-01
solene,False,2015-03-01
colin,True,2015-02-26
remy,True,2015-02-26
manon,False,2015-02-26
edouard,True,2015-02-25
constance,False,2015-02-24
arthur,True,2015-02-24
agnes,False,2015-02-23
pierre-louis,True,2015-02-23
clementine,False,2015-02-22
laure,False,2015-02-21
benjamin,True,2015-02-21
aurelie,False,2015-02-21
anthony,True,2015-02-21
mathias,True,2015-02-21
jeanne,False,2015-02-21
celestine,False,2015-02-21
gaelle,False,2015-02-21
thomas,True,2015-02-21
victor,True,2015-02-17
rodolphe,True,2015-02-17
hermine,False,2015-02-17
natacha,False,2015-02-10
joris,True,2015-02-07
louis-victor,True,2015-02-02
clement,True,2015-01-29
paul,True,2015-01-28
julien,True,2015-01-28
luc,True,2015-01-28
mathilde,False,2015-01-28
halvard,True,2015-01-28
estelle,False,2015-01-28
julien,True,2015-01-25
claire,False,2015-01-22
theophile,False,2015-01-21
hugo,True,2015-01-19
edwige,False,2015-01-18
maxime,True,2015-01-18
marion,False,2015-01-18
aurelie,False,2015-01-16
louis-marie,True,2015-01-14
anne-sophie,False,2015-01-14
margot,False,2015-01-13
vincent,True,2015-01-13
matthieu,True,2015-01-13
margot,False,2015-01-12
margaux,False,2015-01-11
ophelie,False,2015-01-10
christian,True,2015-01-10
berengere,False,2015-01-09
antoine,True,2015-01-09
nicolas,True,2015-01-09
clement,True,2015-01-09
nicolas,True,2015-01-09
thomas,True,2015-01-09
alice,False,2015-01-09
hermine,False,2015-01-08
etienne,True,2015-01-08
agathe,False,2015-01-08
anna,False,2015-01-08
florent,True,2015-01-07
victor,True,2015-01-06
damien,True,2015-01-06
louis,True,2015-01-06
charles,True,2015-01-06
benoit,True,2015-01-05
gregory,True,2015-01-05
mathilde,False,2015-01-05
laura,False,2015-01-05
vincent,True,2015-01-04
antoine,True,2015-01-04
pierre,True,2015-01-04
robin,True,2015-01-04
louis,True,2015-01-03
guillaume,True,2015-01-02
julie,False,2015-01-02
martin,True,2015-01-01
kerner,True,2014-12-31
paul,True,2014-12-31
marie,False,2014-12-31
antoine,True,2014-12-31
clotilde,False,2014-12-31
pierre,True,2014-12-31
marine-sophie,False,2014-12-31
ariane,False,2014-12-31
brieuc,True,2014-12-31
jean-baptiste,True,2014-12-31
antoine,True,2014-12-31
leanne,False,2014-12-31
quentin,True,2014-12-31
benjamin,True,2014-12-31
marion,False,2014-12-31
patrick,True,2014-12-31
anne-sophie,False,2014-11-13
benjamin,True,2014-10-26
karine,False,2014-10-21
alain,False,2014-10-21
gabrielle,False,2014-10-18
leprince,True,2014-10-16
remi,True,2014-10-16
